category,count
Service establishment,56134
Restaurant,47030
Auto repair shop,46145
Beauty salon,42216
Gas station,40080
Convenience store,38945
Church,36035
Hair salon,32147
ATM,28591
Doctor,26928
Nail salon,26289
Insurance agency,25656
Dentist,25129
Park,22992
Barber shop,20762
Clothing store,19444
Non-profit organization,18259
Bank,17995
Auto insurance agency,17700
Cell phone store,17517
Massage therapist,16756
Real estate agency,16612
Attorney,16462
Corporate office,16035
Used car dealer,15853
Grocery store,15846
Home insurance agency,15638
Gift shop,15590
Apartment building,15347
Life insurance agency,14991
Tire shop,14899
Bar,14811
Apartment complex,14725
Baptist church,14460
Pharmacy,14155
Auto body shop,14128
Gym,14075
Tourist attraction,13810
Renter's insurance agency,13119
Medical clinic,12948
Electronics store,12426
Coffee shop,12167
Auto parts store,12065
Women's clothing store,12008
Furniture store,11863
Store,11318
Shipping and mailing service,11087
Self-storage facility,11060
Fast food restaurant,11014
Cosmetic dentist,10946
Chiropractor,10923
Car repair and maintenance,10740
Plumber,10633
Shoe store,10446
Cafe,10253
Drug store,9825
Cosmetics store,9763
Oil change service,9717
Beauty supply store,9713
Pet groomer,9673
Bakery,9603
Caterer,9572
Jewelry store,9561
Pizza restaurant,9536
River,9514
General contractor,9427
Manufacturer,9391
Sandwich shop,9316
Brake shop,9313
Takeout Restaurant,9126
Lake,8931
Tobacco shop,8780
Home builder,8703
Car dealer,8618
Liquor store,8583
Home goods store,8490
Dental clinic,8357
Real estate agents,8355
Loan agency,8330
Optometrist,8255
Fashion accessories store,8229
Air conditioning contractor,8227
Motorcycle insurance agency,8177
Business center,8159
HVAC contractor,8159
Car wash,8136
Law firm,8032
Mortgage lender,7995
Waxing hair removal service,7960
School,7713
Construction company,7636
Towing service,7636
Florist,7575
Event venue,7495
Mexican restaurant,7456
Trucking company,7447
Family practice physician,7419
Telecommunications service provider,7417
Money order service,7414
Property management company,7360
Veterinarian,7345
Heating contractor,7337
Tax preparation service,7337
Roofing contractor,7333
Logistics service,7274
Storage facility,7269
Landscaper,7225
Physical fitness program,7216
Truck rental agency,7159
Contractor,7082
Social services organization,7044
Dry cleaner,7015
Eye care center,6998
American restaurant,6937
Farm,6892
Electrician,6734
Personal injury attorney,6668
Mechanic,6627
Laundromat,6486
Hardware store,6413
Print shop,6406
Apartment rental agency,6393
Religious organization,6371
Transportation service,6265
Air conditioning repair service,6226
Moving and storage service,6193
Spa,6176
Association or organization,6163
Telephone company,6143
Fitness center,6106
Ice cream shop,6046
Bus stop,5951
Truck repair shop,5867
Men's clothing store,5832
Discount store,5797
Van rental agency,5792
Personal trainer,5776
Deli,5697
Warehouse,5695
Boutique,5580
Electronic parts supplier,5577
Condominium complex,5575
Computer repair service,5573
Toy store,5562
Transmission shop,5544
Vitamin & supplements store,5506
Art gallery,5479
Tree service,5428
Optician,5426
Physical therapy clinic,5404
Post office,5402
Photographer,5388
Packaging supply store,5385
Mattress store,5363
Sign shop,5355
Facial spa,5349
Insurance company,5338
Legal services,5331
Campground,5282
Pest control service,5254
Breakfast restaurant,5203
Dental implants periodontist,5195
Car detailing service,5184
Moving supply store,5144
Shopping mall,5128
Parking lot,5079
Trailer rental service,5062
Truck accessories store,5058
Pediatric dentist,5042
Orthodontist,5026
Financial institution,5019
Garden center,5008
Family law attorney,4992
Teeth whitening service,4961
Historical landmark,4920
Jeweler,4895
Massage spa,4845
Greeting card shop,4809
Sunglasses store,4760
Lawn care service,4736
Kitchen remodeler,4734
Vaporizer store,4730
Delivery Restaurant,4690
Bar & grill,4684
Antique store,4679
Professional services,4631
Emergency dental service,4622
Bathroom remodeler,4611
Appliance store,4599
Criminal justice attorney,4539
Tattoo shop,4524
Carpet cleaning service,4497
Chinese restaurant,4496
Tax consultant,4487
Car battery store,4484
Medical Center,4468
Catholic church,4454
Shipping service,4448
Financial planner,4442
Day spa,4433
Auto tune up service,4428
Mover,4415
Mobile home park,4328
Flooring store,4319
Financial consultant,4272
Museum,4271
Graphic designer,4254
Wellness center,4243
Contact lenses supplier,4191
Paint store,4177
Thrift store,4173
Notary public,4131
Elementary school,4120
Auto glass shop,4094
Skin care clinic,4094
Sporting goods store,4077
Home improvement store,4075
Hiking area,4065
Community center,4030
Boat storage facility,4020
Children's clothing store,3991
Physical therapist,3987
Orthopedic surgeon,3972
Credit union,3954
Hotel,3951
Window installation service,3938
Hairdresser,3921
Money transfer service,3881
Wholesaler,3876
Commercial printer,3866
Public library,3866
Dessert shop,3861
Perfume store,3856
Day care center,3852
Internist,3843
Methodist church,3839
Dollar store,3803
RV storage facility,3794
Painter,3770
Pediatrician,3765
Wheel alignment service,3744
Distribution service,3720
Business to business service,3719
Tanning salon,3691
Beer store,3690
Software company,3685
Locksmith,3657
Divorce lawyer,3645
Urgent care center,3624
Wine store,3620
Trailer supply store,3612
Office supply store,3607
Appliance repair service,3601
Movie rental store,3593
Employment agency,3593
DVD store,3586
Italian restaurant,3581
Weight loss service,3531
Real estate consultant,3525
Movie rental kiosk,3492
Flooring contractor,3490
Recycling center,3482
Freight forwarding service,3472
Estate planning attorney,3467
Animal hospital,3461
Medical supply store,3415
Lawn mower store,3393
Concrete contractor,3388
Wedding venue,3367
Website designer,3342
Preschool,3341
Martial arts school,3320
Used truck dealer,3319
Building materials supplier,3313
Rehabilitation center,3285
Repair service,3282
Jewelry repair service,3255
Marketing agency,3243
Diesel fuel supplier,3238
Stationery store,3226
Computer store,3221
Landscape designer,3189
Interior designer,3186
Painting,3170
Medical spa,3162
Obstetrician-gynecologist,3139
Equipment rental agency,3120
Building materials store,3100
Accountant,3091
Automobile storage facility,3087
Mailing service,3080
Bedroom furniture store,3072
Real estate developer,3056
Cell phone accessory store,3048
House cleaning service,3043
Window tinting service,3022
Oral surgeon,3021
Tax preparation,3014
Pressure washing service,3014
Computer consultant,3012
Christian church,3007
Recreation center,2995
Yoga studio,2993
Fraternal organization,2977
Car rental agency,2976
Auto wrecker,2975
School supply store,2974
Furnace repair service,2973
Pizza Takeout,2960
Clothing alteration service,2944
Tool store,2937
Pizza delivery,2926
Water damage restoration service,2925
Landscaping supply store,2916
Consultant,2913
Plant nursery,2897
Business management consultant,2887
Lodging,2885
Title company,2883
Gun shop,2879
Marketing consultant,2852
Plumbing supply store,2832
Health food store,2831
Auto electrical service,2823
Real estate attorney,2804
Assisted living facility,2783
Door supplier,2776
Pawn shop,2775
Pet boarding service,2772
Chauffeur service,2762
Mental health service,2750
Photo lab,2736
Funeral home,2735
Passport photo processor,2728
Propane supplier,2721
Commercial real estate agency,2717
Travel agency,2708
Pet supply store,2702
Siding contractor,2702
Electric vehicle charging station,2697
Computer support and services,2696
Lumber store,2694
Waste management service,2689
Internet service provider,2689
Trial attorney,2674
Sports medicine clinic,2670
Surgeon,2669
Insurance broker,2667
Handyman,2657
Juice shop,2651
City government office,2650
Mobile phone repair shop,2645
Photo shop,2641
Veterans organization,2641
United Methodist church,2635
County government office,2635
Nursing home,2632
Excavating contractor,2624
Housing development,2621
Pain management physician,2611
Event planner,2611
Home inspector,2599
Screen printer,2597
Carpet store,2577
Wedding service,2566
Supermarket,2565
Dermatologist,2559
Jewelry designer,2556
Hamburger restaurant,2550
Fence contractor,2540
Gutter cleaning service,2528
Mailbox rental service,2514
Dog trainer,2509
Watch store,2508
Fire station,2500
Cemetery,2498
Car finance and loan company,2497
Denture care center,2492
Auto dent removal service,2490
Dance school,2482
Lutheran church,2475
Electronics repair shop,2472
Party equipment rental service,2471
Seafood restaurant,2467
Mountain peak,2463
Sports massage therapist,2461
Presbyterian church,2454
Retirement community,2445
Donut shop,2441
Tailor,2433
Book store,2429
Industrial equipment supplier,2429
Home health care service,2423
Consignment shop,2410
Commercial cleaning service,2389
Custom home builder,2388
Hearing aid store,2384
Shredding service,2370
Diesel engine repair service,2365
Advertising agency,2361
Wedding photographer,2355
Senior citizen center,2349
Air duct cleaning service,2344
Make-up artist,2344
Heating equipment supplier,2333
Medical laboratory,2330
Auto restoration service,2322
Real estate rental agency,2322
Boat ramp,2322
Vacation home rental agency,2309
RV park,2297
Check cashing service,2295
Watch repair service,2285
High school,2282
Sports complex,2282
Hair removal service,2271
Internet marketing service,2262
Dog day care center,2259
Parking garage,2248
Snack bar,2248
Asian restaurant,2244
Party store,2244
Alternative medicine practitioner,2234
Remodeler,2213
Ophthalmologist,2212
Podiatrist,2205
Bedding store,2204
Nutritionist,2202
Electrical supply store,2197
Paving contractor,2196
Car inspection station,2188
Gas company,2188
Sportswear store,2184
Cannabis store,2178
Barbecue restaurant,2171
Boat repair shop,2166
Diagnostic center,2160
Camp,2160
Bicycle Shop,2159
Investment service,2153
Window supplier,2138
Video production service,2135
Garbage collection service,2133
Promotional products supplier,2121
Acupuncture clinic,2119
Key duplication service,2115
Engineering consultant,2109
Swimming pool contractor,2099
Countertop store,2098
Lawn mower repair service,2094
Dental hygienist,2085
Farm equipment supplier,2085
Church of Jesus Christ of Latter-day Saints,2081
Portrait studio,2074
Banquet hall,2070
Playground,2055
Embroidery shop,2053
Discount supermarket,2045
Muffler shop,2045
Coffee store,2039
Winery,2034
Truck dealer,2029
Lighting store,2025
Radio broadcaster,2022
Computer service,2022
Butcher shop,2021
Temp agency,2016
Taxi service,2010
Car stereo store,2008
Tile store,2007
Craft store,2005
Endodontist,2004
Hospital,2000
Night club,1993
Bankruptcy attorney,1975
Motorcycle repair shop,1973
Car accessories store,1968
Counselor,1964
Upholstery cleaning service,1962
Construction equipment supplier,1954
Custom t-shirt store,1950
Pet sitter,1946
Non-denominational church,1936
Cabinet store,1935
Banner store,1931
Kennel,1930
Welder,1908
Cigar shop,1902
Digital printer,1897
Kitchen supply store,1887
Window treatment store,1875
General store,1871
Walk-in clinic,1869
Swimming pool repair service,1858
Delivery service,1858
Police department,1857
Addiction treatment center,1851
Small engine repair service,1839
Family restaurant,1839
Pet store,1834
Upholstery shop,1831
Health consultant,1825
Glass repair service,1819
Periodontist,1816
Gift basket store,1808
Mental health clinic,1808
Glass & mirror shop,1807
Septic system service,1806
Auto radiator repair service,1805
Agricultural service,1803
Tile contractor,1800
Chicken restaurant,1799
Lounge,1795
University,1788
Tool rental service,1787
Picture frame shop,1781
Chicken wings restaurant,1778
Candy store,1778
Alternative fuel station,1774
Garage door supplier,1768
Health food restaurant,1766
General practice attorney,1762
Auto body parts supplier,1761
Bridal shop,1753
Holistic medicine practitioner,1752
Nature preserve,1752
Recruiter,1744
Architect,1739
Furniture rental service,1739
Janitorial service,1736
Window cleaning service,1735
Women's health clinic,1731
Mortgage broker,1726
Fire damage restoration service,1724
Audiologist,1723
Health insurance agency,1707
Performing arts theater,1707
Church of Christ,1705
Metal fabricator,1701
Swimming pool supply store,1697
Outdoor furniture store,1694
Motorcycle parts store,1690
Phone repair service,1671
Medical group,1666
Office space rental agency,1653
Cake shop,1653
Wood floor installation service,1648
Security system supplier,1641
Diamond dealer,1640
Place of worship,1640
Government office,1639
Cabinet maker,1639
Department store,1637
Middle school,1634
Laundry service,1631
Artist,1624
Golf course,1623
Marina,1622
College,1613
Club,1610
Health and beauty shop,1601
Auto air conditioning service,1597
Drug testing service,1596
Cleaning service,1596
Jewelry buyer,1593
Learning center,1588
Deck builder,1586
Japanese restaurant,1584
After school program,1578
Roofing supply store,1577
Wellness program,1573
Coworking space,1571
Medical office,1561
Lingerie store,1558
Security system installer,1557
Engine rebuilding service,1550
Wine bar,1549
Hearing aid repair service,1548
General practitioner,1542
Episcopal church,1542
Live music venue,1534
Farmers' market,1526
Gold dealer,1524
Insulation contractor,1523
Food products supplier,1522
Cardiologist,1519
Trailer repair shop,1515
Cocktail bar,1514
Bicycle repair shop,1510
Musical instrument store,1510
Masonry contractor,1510
Boat dealer,1506
Collectibles store,1501
Private educational institution,1500
Safety equipment supplier,1493
Snow removal service,1492
Laboratory,1492
Used tire shop,1488
Sports bar,1486
Espresso bar,1483
Produce market,1478
Baby clothing store,1473
Baseball field,1473
Fishing charter,1468
Copy shop,1466
Sushi restaurant,1464
Recording studio,1460
Wedding planner,1455
Variety store,1455
Wheel store,1455
Animal feed store,1446
T-shirt store,1440
Swimming pool,1437
Game store,1427
Ranch,1427
Limousine service,1426
Cremation service,1425
RV repair shop,1421
Bail bonds service,1418
Shipping company,1417
Reflexologist,1414
Fuel pump,1412
Embroidery service,1412
Video game store,1408
Party planner,1407
Sports medicine physician,1390
Refrigerator repair service,1388
Soft drinks shop,1387
Jehovah's Witness Kingdom Hall,1386
Motel,1384
Office furniture store,1381
Employment attorney,1379
Data recovery service,1377
Permanent make-up clinic,1373
Flower delivery,1371
Plastic surgeon,1368
Lawn sprinkler system contractor,1367
Gastroenterologist,1366
Youth organization,1358
Training centre,1358
Dental implants provider,1357
Surgical center,1355
Taco restaurant,1354
Bed & breakfast,1352
Emergency room,1351
E-commerce service,1349
Screen repair service,1347
Photography service,1344
Public educational institution,1340
Medical diagnostic imaging center,1339
Real estate,1335
Airport shuttle service,1331
Laser hair removal service,1330
Fabric store,1327
Auction house,1320
Immigration attorney,1320
Ready mix concrete supplier,1312
Summer camp,1311
Bagel shop,1310
Dress store,1306
Bookkeeping service,1305
Indoor lodging,1303
Emergency locksmith service,1303
Uniform store,1301
Shoe repair shop,1297
Flower designer,1295
Candle store,1283
Psychiatrist,1281
Frozen yogurt shop,1279
Fence supply store,1278
Laundry,1277
Building restoration service,1275
Horse boarding stable,1274
Washer & dryer repair service,1269
Smog inspection station,1269
Machine shop,1264
Bridge,1263
Dog breeder,1263
Hair extension technician,1257
Baby store,1255
Charity,1246
Auto machine shop,1244
Ravine,1243
Outlet store,1242
Public bathroom,1241
Passport office,1240
Photography studio,1239
Tour operator,1236
Cleaners,1236
Trailer dealer,1236
Child care agency,1234
Brewery,1231
Dry wall contractor,1231
Computer security service,1230
Wedding store,1227
Pipe supplier,1225
Hobby store,1218
State government office,1210
Music store,1208
Library,1206
Chocolate shop,1206
Orthopedic clinic,1206
Carpet installer,1205
Security guard service,1201
Wallpaper store,1200
Barber supply store,1200
Retirement home,1196
Pain control clinic,1194
Salad shop,1191
Newspaper publisher,1190
Driving school,1188
Air conditioning system supplier,1182
Sand & gravel supplier,1182
Lodge,1179
Jewelry appraiser,1177
Gymnastics center,1177
Psychologist,1168
Diner,1166
Engineer,1162
Security service,1157
Pentecostal church,1153
Airport,1151
Fax service,1150
Welding supply store,1150
Certified public accountant,1145
Student dormitory,1143
Music school,1138
Drainage service,1132
Tuxedo shop,1129
Department of motor vehicles,1129
Tractor dealer,1126
Self defense school,1124
Art studio,1122
Employment center,1110
Lunch restaurant,1109
Garage builder,1099
Public swimming pool,1099
Thai restaurant,1098
Federal credit union,1098
Boot store,1094
Truck parts supplier,1094
Granite supplier,1091
Pool cleaning service,1089
Art center,1088
Occupational therapist,1085
Otolaryngologist,1084
Bottled water supplier,1084
Well drilling contractor,1083
Market,1080
Landscape lighting designer,1077
Trophy shop,1074
Neurologist,1073
Water softening equipment supplier,1072
Civil law attorney,1072
Boat rental service,1071
Fishing store,1070
Tea house,1070
Outdoor sports store,1066
DJ service,1066
Family counselor,1063
Leather goods store,1059
Body piercing shop,1058
Paint manufacturer,1056
Garden,1055
Bathroom supply store,1055
Education center,1054
Mediterranean restaurant,1051
Plus size clothing store,1051
Latin American restaurant,1047
Townhouse complex,1045
Lottery retailer,1043
City park,1037
Motorcycle dealer,1034
Elder law attorney,1032
Used auto parts store,1030
Psychotherapist,1027
Auto upholsterer,1023
Paintings store,1022
Business development service,1019
Greenhouse,1018
Garbage dump service,1011
Tennis court,1010
Jeans shop,1009
Lawn equipment rental service,1008
Indian restaurant,1007
Fireplace store,1003
Mulch supplier,1003
Topsoil supplier,1001
Coin dealer,999
Stadium,998
Records storage facility,996
Environmental consultant,995
Soccer field,994
Vegetarian restaurant,992
Auto broker,991
Golf club,991
Conference center,990
Food bank,987
Woodworker,986
Goldsmith,984
Entertainer,981
Glass shop,981
Tattoo and piercing shop,981
Pilates studio,980
City Hall,979
Stone supplier,975
Emergency veterinarian service,973
Blood testing service,967
Floor refinishing service,965
Seventh-day Adventist church,964
Truck stop,963
Musical instrument repair shop,962
Grain elevator,961
Rug store,959
Catering food and drink supplier,953
Land surveyor,952
Vegan restaurant,951
Electric utility company,949
Herb shop,948
Music instructor,947
Junkyard,945
Cable company,941
Hot tub store,940
Fashion designer,937
Tutoring service,935
Savings bank,932
Swimwear store,932
Sod supplier,927
Mechanical contractor,922
Social security attorney,922
Construction,922
Kindergarten,921
Self service car wash,920
Dairy farm,918
Marine supply store,918
Fertilizer supplier,918
Costume store,911
Bus charter,910
Dog walker,908
Tour agency,907
Steak house,906
Urologist,906
Pottery store,905
Web hosting company,904
Bubble tea store,903
Arts organization,901
Emergency care service,901
Debris removal service,898
Thai massage therapist,898
Business park,888
Silversmith,881
Bicycle rental service,878
Resort hotel,877
Tourist information center,876
Investment bank,876
Shower door shop,875
Allergist,874
Bait shop,872
Auditorium,871
Motorcycle shop,869
Insurance attorney,866
Salvage yard,865
Children's party service,864
Karate school,863
Television repair service,863
Eyebrow bar,862
Quilt shop,862
Pub,860
Gourmet grocery store,856
Engraver,855
Event management company,854
Poster store,854
Reiki therapist,853
Dance company,851
Piano moving service,850
Hat shop,849
Dessert restaurant,845
Eyelash salon,845
Water utility company,844
RV dealer,843
Electrical installation service,837
Vintage clothing store,837
Arborist and tree surgeon,837
Hospice,836
Landscape architect,833
Shooting range,831
Railroad company,830
Stable,828
Condominium rental agency,826
Ear piercing service,826
Vacuum cleaner store,824
Pet trainer,823
Equipment supplier,823
Animal control service,815
Antique furniture store,814
Retaining wall supplier,813
Wig shop,812
Novelty store,811
Garbage dump,809
Assemblies of God church,806
ATV repair shop,806
Seafood market,801
Bay,797
Scenic spot,796
Dry wall supply store,795
Boxing gym,793
Mobile home dealer,793
Beauty product supplier,793
Screen printing shop,791
Health spa,791
Vietnamese restaurant,790
Cabin rental agency,787
ATV dealer,787
Children's furniture store,787
Courier service,784
Student housing center,782
Demolition contractor,780
Irrigation equipment supplier,780
Acupuncturist,780
Wedding bakery,779
Asphalt contractor,775
Canal,774
Wood and laminate flooring supplier,774
Occupational health service,773
Chimney sweep,772
Marriage or relationship counselor,770
Sewing shop,767
Property maintenance,766
Racing car parts store,762
Housing authority,760
Steel fabricator,759
Metal supplier,756
Amusement center,756
Shed builder,755
Athletic field,754
Alcoholism treatment program,753
Audio visual equipment supplier,752
Art school,751
Country club,751
Marble supplier,751
Digital printing service,750
Educational institution,749
Material handling equipment supplier,747
Foundation,743
Monument maker,741
Used furniture store,741
Sheet metal contractor,740
Herbal medicine store,740
Media company,739
Fireworks store,739
Kickboxing school,739
Bus station,738
Motor vehicle dealer,737
Golf cart dealer,737
Tractor repair shop,736
Brunch restaurant,731
Jewelry engraver,729
Farm equipment repair service,726
Homeowners' association,726
Natural feature,725
Memorial park,724
Adult entertainment club,723
Natural goods store,721
School district office,721
Cookie shop,721
Movie theater,719
Carpenter,719
Mobile caterer,717
Vehicle inspection,714
Entertainment agency,714
Beverage distributor,713
Donations center,713
Oncologist,712
Used clothing store,712
Swim club,710
Audio visual consultant,709
Appliance parts supplier,709
Design agency,708
Paternity testing service,708
Video arcade,707
Island,707
Dog park,707
Plastic fabrication company,705
Animal shelter,705
Beauty school,702
Speech pathologist,701
Seed supplier,701
Animal rescue service,694
Formal wear store,694
Sports club,694
University department,693
Chamber of Commerce,693
Water testing service,688
Pregnancy care center,688
Christmas tree farm,688
Masonry supply store,687
Adult day care center,686
Mosque,685
Solar energy company,685
Federal government office,683
Restaurant supply store,682
Lasik surgeon,682
Skateboard park,678
Furniture maker,677
Corporate campus,676
Construction machine rental service,674
Psychic,674
Wood floor refinishing service,673
X-ray lab,673
Boat tour agency,673
Diamond buyer,669
Volunteer organization,664
Adult education school,661
Millwork shop,661
Meat wholesaler,659
Wholesale bakery,657
Car leasing service,657
Historical place,656
Human resource consulting,655
Pastry shop,653
Oil & natural gas company,652
Taxidermist,651
Golf driving range,649
Grill store,649
Sheriff's department,645
Accounting firm,644
Video editing service,643
Hair extensions supplier,643
Steel distributor,641
Bowling alley,638
Fuel supplier,637
Concrete product supplier,637
Endocrinologist,636
Publisher,636
Aerospace company,635
Janitorial equipment supplier,634
Stylist,632
Fire protection service,632
Mexican grocery store,630
Beach,630
Firewood supplier,629
Payroll service,629
Hookah bar,628
Sightseeing tour agency,626
Community college,625
Asian fusion restaurant,625
Horseback riding service,625
Auto painting,623
Crane service,622
Public health department,619
Civil engineer,617
Car alarm supplier,616
Powder coating service,612
Medical equipment supplier,612
Radiologist,610
Metaphysical supply store,608
Custom label printer,608
Exporter,607
Funeral director,607
Sleep clinic,607
Produce wholesaler,606
Aromatherapy service,605
Technical school,605
Picnic ground,604
Food court,604
Horse riding school,604
Meat products,603
Furniture repair shop,603
Food manufacturer,601
Used computer store,601
Private investigator,601
Solar energy equipment supplier,598
Flea market,597
Canoe & kayak rental service,597
Commercial agent,593
Mediation service,592
Church of the Nazarene,592
Packaging company,592
Furnished apartment building,592
Retreat center,590
Construction material wholesaler,590
Commercial photographer,585
Meditation center,584
Adult entertainment store,584
Religious goods store,583
Disc golf course,582
General hospital,581
Office equipment supplier,580
Internet cafe,580
Guitar store,579
Meat processor,578
Ford dealer,578
Home theater store,577
Waterproofing company,577
Bistro,575
Hydraulic repair service,575
Educational consultant,574
Employment search service,572
Used book store,570
Visitor center,570
Life coach,569
Orthotics & prosthetics service,568
Evangelical church,567
Television station,564
Horse trainer,563
Festival,562
Yarn store,560
Surf shop,560
Vacuum cleaner repair shop,558
Fastener supplier,558
Beer distributor,558
Motorsports store,556
Hookah store,556
Equestrian facility,555
Plastic surgery clinic,555
Sewing machine repair service,554
Apartments,554
Tool repair shop,554
Cruise agency,553
Airline,550
Technical service,549
Local government office,549
Comic book store,549
Garden furniture shop,549
Kitchen furniture store,549
Bus company,547
Buffet restaurant,547
Performing arts group,546
Housing complex,546
Small appliance repair service,545
School bus service,545
Lawn irrigation equipment supplier,543
Peninsula,542
Skateboard shop,540
Blinds shop,540
Refrigerator store,540
Musician,539
Used appliance store,535
Foot massage parlor,535
Casino,535
Audio visual equipment rental service,534
Tennis club,533
Heating oil supplier,532
Tent rental service,532
Coffee roasters,532
Air conditioning store,532
Insulation materials store,531
Local medical services,530
Virtual office rental,529
Chevrolet dealer,528
Souvenir store,528
Entertainment,528
Water purification company,524
Pretzel store,523
Basketball court,521
Record store,520
Home audio store,519
Art supply store,519
Crane rental agency,518
Water filter supplier,517
State park,516
Charter school,514
Forklift rental service,513
RV supply store,512
Painting studio,512
Wholesale plant nursery,512
Baseball,506
Welding gas supplier,506
Divorce service,505
Park & ride,505
Entertainment and recreation,505
Air filter supplier,504
Vending machine supplier,503
Second hand store,503
Musical instrument rental service,500
Korean restaurant,497
Western apparel store,495
Labor union,495
Hot tub repair service,493
Fine dining restaurant,491
Prison,491
Work clothes store,489
Blood donation center,489
Industrial gas supplier,488
Department of Transportation,488
Executive suite rental agency,486
Train station,485
Do-it-yourself shop,485
Pulmonologist,484
STD testing service,483
Decal supplier,482
Golf instructor,482
Trade school,482
Tea store,482
Furniture accessories,482
Flower market,481
Commercial refrigeration,481
Fingerprinting service,480
Inn,479
Leather cleaning service,478
Pet adoption service,478
Cancer treatment center,478
Finance broker,478
Swimming instructor,478
Taekwondo school,477
Ophthalmology clinic,475
Scaffolding rental service,474
Golf shop,474
Flight school,474
Stock broker,471
Apostolic church,468
Invitation printing service,467
Solar energy contractor,466
Pool hall,464
Scrap metal dealer,464
Sculpture,464
Art handcraft,464
Oxygen equipment supplier,463
Veterinary care,462
Water sports equipment rental service,462
Tex-Mex restaurant,459
Molding supplier,458
Cold storage facility,457
Jujitsu school,456
Soul food restaurant,456
Neurosurgeon,456
United Church of Christ,456
Home automation company,456
Awning supplier,454
Spring,451
Gluten-free restaurant,451
Hair replacement service,451
Disability services & support organisation,451
Asian grocery store,449
Homeless shelter,448
Cars,445
Telecommunications contractor,445
Tattoo removal service,445
Childrens store,445
Hand surgeon,444
Rustic furniture store,444
Guitar instructor,443
Halal restaurant,443
Wetland,443
Oilfield,442
Boot camp,441
Organic shop,439
Burrito restaurant,438
Foot care,436
City courthouse,436
Hydraulic equipment supplier,436
Paper distributor,435
Mortuary,434
Naturopathic practitioner,432
Mountain pass,432
Appraiser,431
Cupcake shop,431
Community garden,431
Historical society,431
County court,430
Bed shop,430
Vineyard,429
Microwave oven repair service,429
Social club,428
Computer networking center,427
Synagogue,426
Firearms academy,425
Burglar alarm store,424
Grocery delivery service,424
Soccer club,423
Luggage store,423
Balloon store,423
Rheumatologist,422
Wedding chapel,422
Piano instructor,422
Middle Eastern restaurant,421
Southern restaurant (US),420
Printer repair service,420
Fruit and vegetable store,418
Corporate entertainment service,418
Sports activity location,417
Religious institution,417
Oil field equipment supplier,417
Recreation,416
Orchard,413
Exercise equipment store,413
Waterfall,412
Amusement park ride,412
Utility contractor,410
Camping store,410
Hydroponics equipment supplier,410
Oral and maxillofacial surgeon,409
Outdoor swimming pool,409
Snowboard shop,409
Dental laboratory,409
Catholic school,408
Education,408
Pasta shop,408
Escrow service,405
Ambulance service,404
Auto spring shop,404
Spa and health club,404
Cajun restaurant,402
Food producer,401
Furnace parts supplier,400
Credit counseling service,400
Hair care,400
Sauna,400
Veterinary pharmacy,399
Sandblasting service,399
Photo restoration service,397
Emergency care physician,396
Leather repair service,396
Antique furniture restoration service,396
Hot dog restaurant,396
Lighting contractor,396
Christmas store,394
MRI center,393
Sports nutrition store,393
Buddhist temple,392
Protestant church,391
Radiator repair service,390
Training school,389
Softball field,388
Structural engineer,388
Cheesesteak restaurant,387
Exhibit,387
Auto auction,386
Marble contractor,386
Caribbean restaurant,386
Research institute,385
Fried chicken takeaway,384
Estate liquidator,383
Safe & vault shop,382
Mountain cabin,382
Saw mill,381
Sanitation service,381
Generator shop,381
Indoor cycling,380
Weightlifting area,380
Health,379
Orthodox synagogue,378
Public golf course,377
Cleaning products supplier,377
Construction machine dealer,377
Takeout restaurant,376
Batting cage center,376
Dance store,375
T-shirt company,375
Auto parts manufacturer,373
Fire alarm supplier,373
Yoga instructor,373
Electric motor repair shop,373
Nurse practitioner,373
Social security office,371
Tack shop,370
Military recruiting office,370
Portable building manufacturer,369
Battery store,368
Tax department,367
Courthouse,366
Door shop,365
Electrical engineer,365
Paving materials supplier,364
Home help,363
Religious school,363
Jamaican restaurant,362
Wildlife refuge,362
Portable toilet supplier,361
Film production company,361
Fire protection equipment supplier,361
Sports memorabilia store,361
Custom tailor,360
Farm shop,359
Linens store,359
Seafood wholesaler,358
History museum,356
Dialysis center,356
Boat cover supplier,355
New American restaurant,354
Telecommunications equipment supplier,354
Light rail station,353
Occupational medical physician,353
Ammunition supplier,353
Group home,351
Forklift dealer,351
Light bulb supplier,351
Distillery,350
Aluminum welder,350
Currency exchange service,349
Tax attorney,348
Escape room center,348
Storage,347
Greek restaurant,347
Sunroom contractor,347
Gated community,347
Cafeteria,347
Rock shop,347
Aged care,346
Car racing track,346
Furniture wholesaler,344
Transit station,344
Camera store,343
Ski shop,343
Boat club,342
Fairground,342
Utility trailer dealer,342
Gun club,341
Auto bodywork mechanic,341
Business networking company,341
Vascular surgeon,341
Employment consultant,340
Children's amusement center,340
Radiator shop,340
Sofa store,339
Bankruptcy service,338
Road construction company,338
Honey farm,337
Cheese shop,337
Community health centre,336
Muay Thai boxing gym,335
Wheelchair store,335
Auto parts market,332
Call center,331
Dental radiology,330
Football Field,330
Satellite communication service,330
Aircraft supply store,330
Horse breeder,329
Public relations firm,328
Architecture firm,328
Kiosk,328
Running store,327
Swimming lake,327
Dance hall,324
Skate shop,324
Crushed stone supplier,324
Business related,324
Water treatment supplier,323
Pumping equipment and service,323
Tree farm,322
Indoor playground,322
Maternity store,322
French restaurant,321
Chimney services,320
Machining manufacturer,320
Lighting consultant,320
Video store,319
Indoor swimming pool,318
Haunted house,318
Translator,317
Used musical instrument store,317
Aerial photographer,316
Commercial real estate inspector,315
Nursing agency,315
Physiatrist,315
Ice supplier,315
Immigration & naturalization service,315
Furnace store,314
Patio enclosure supplier,312
Dive shop,311
Importer,310
Washer & dryer store,310
Hypnotherapy service,310
Swimming school,308
Property investment,308
Wholesale grocer,307
Archery store,307
Drinking water fountain,306
Children's hospital,306
Stage lighting equipment supplier,306
Real estate appraiser,306
Clock repair service,305
Process server,305
Company,305
Reformed church,304
Sports school,303
Aircraft rental service,303
Computer training school,303
Guest house,301
Low income housing program,298
Hunting area,297
Ballet school,297
Wood stove shop,297
Womens personal trainer,296
Corporate gift supplier,296
Salvadoran restaurant,296
Auto tag agency,296
Honda dealer,295
Motor scooter dealer,295
Hawaiian restaurant,295
Popcorn store,295
Bird control service,295
Orthodox church,295
Christian book store,294
Rest stop,294
Drilling contractor,294
Fishing pier,293
Military base,293
Electric motor store,293
Electrical repair shop,292
Organic restaurant,292
Soup restaurant,291
Stained glass studio,291
Youth social services organization,291
Recreational vehicle rental agency,291
Convention center,290
Cultural center,289
Catering,287
SCUBA instructor,287
Tool wholesaler,286
Sports card store,286
Spanish restaurant,286
Orthopedic shoe store,285
Used motorcycle dealer,284
Video game rental store,284
Herbalist,284
Computer software store,284
Used office furniture store,284
Asbestos testing service,283
Video game rental kiosk,282
Youth clothing store,282
University library,282
Wi-Fi spot,281
Boat accessories supplier,279
News service,279
Blueprint service,279
Bike sharing station,279
Metal finisher,279
Glass cutting service,278
Sharpening service,278
Driver's license office,278
Canoe & kayak tour agency,277
Grill,277
European restaurant,277
Bus tour agency,277
Art dealer,276
Market researcher,276
Fishing pond,276
Handbags shop,275
Spice store,274
Dental insurance agency,274
Mammography service,274
Miniature golf course,274
Political party office,274
GPS supplier,274
Mobility equipment supplier,274
Truck topper supplier,273
Bead store,272
Jeep dealer,272
Natural stone supplier,272
Arena,271
Medical school,271
Wood supplier,270
Hose supplier,270
Foreclosure service,270
Food and drink,269
Flag store,269
Vocational school,269
HIV testing center,268
Baseball club,268
Coffee stand,267
Dodge dealer,267
Piano repair service,266
Handicapped transportation service,266
Hospital department,266
Floor sanding and polishing service,264
Fire protection system supplier,263
Laser cutting service,263
Environmental health service,263
Aviation consultant,263
Concert hall,263
Yacht club,262
Fertility clinic,262
Dressmaker,262
Athletic club,262
Electronics manufacturer,261
Plaza,261
Piano tuning service,261
Box lunch supplier,261
Telephone answering service,261
Telecommunications,260
Language school,260
Real estate school,258
Used bicycle shop,258
Modular home dealer,258
Carport and pergola builder,258
Boxing club,257
Indian grocery store,257
Copier repair service,255
Animal protection organization,255
Building inspector,254
Sewing machine store,253
Information services,253
Professional organizer,252
Forestry service,252
Architectural designer,252
Art museum,252
Commercial refrigerator supplier,251
Brewpub,251
Bottle & can redemption center,251
Youth center,251
Homeless service,249
Water pump supplier,249
Shipping and mailing,249
Home help service agency,249
Elevator service,248
Snowmobile dealer,247
Underwear store,247
Bingo hall,247
Fishing camp,247
Woodworking supply store,246
Family service center,245
Otolaryngology clinic,245
Heliport,243
Piano store,243
Furniture manufacturer,243
Direct mail advertising,243
Event ticket seller,243
Biotechnology company,242
Ski rental service,242
Archery range,242
GMC dealer,241
Gardener,241
Child psychologist,241
Diesel engine dealer,241
Tropical fish store,240
Gas cylinders supplier,240
Anesthesiologist,238
Theater company,238
Mennonite church,238
Tuning automobile,237
Food,237
Aggregate supplier,237
Electrical equipment supplier,237
Monogramming service,237
Unitarian Universalist Church,236
Meditation instructor,235
Band,235
Off roading area,235
Mobile home rental agency,235
Food service,235
Ballroom dance instructor,235
Outdoor clothing and equipment shop,234
Attorney referral service,234
Paintball center,234
Massage,234
Canoe & kayak store,234
Ridge,233
Trading card store,233
Chemical plant,233
Billiards supply store,233
Sports equipment rental service,233
Pumpkin patch,233
Subway station,233
Video duplication service,232
Pharmaceutical company,232
Air compressor repair service,232
Montessori school,232
Public university,231
Toner cartridge supplier,231
Dock builder,231
Wholesale florist,230
Environmental engineer,230
Trailer manufacturer,229
Boat trailer dealer,229
Environmental program,229
Railing contractor,229
Business administration service,228
Specialized clinic,228
Coffee wholesaler,228
Stucco contractor,228
Movie rental,226
Hematologist,226
Sewage disposal service,226
Barber school,226
Liquidator,226
Pallet supplier,225
Water park,225
Wholesale jeweler,224
Mechanical engineer,224
Auto market,224
Interior construction contractor,224
Hot water system supplier,224
Fire protection consultant,223
Animals,223
Urology clinic,223
Blood bank,223
Water mill,223
Off-road race track,223
Outboard motor store,223
Woods,222
Historical place museum,222
Diabetes center,222
Ice skating rink,222
Physical examination center,222
Newsstand,221
Neon sign shop,221
Karaoke bar,221
Culinary school,221
Civil engineering company,220
Electrical wholesaler,220
Audio visual equipment repair service,220
Labor relations attorney,219
Hoagie restaurant,219
Peruvian restaurant,218
Home cinema installation,218
Ramen restaurant,217
Toyota dealer,217
Automation company,217
Scooter repair shop,217
Reclamation centre,216
Meeting planning service,216
Water works equipment supplier,216
Buick dealer,216
State liquor store,215
Talent agency,215
Gastropub,215
Oriental rug store,215
Chrysler dealer,214
Towing equipment provider,214
Career guidance service,213
Energy equipment and solutions,213
Soup shop,212
Electrolysis hair removal service,212
Frozen dessert supplier,212
Research and product development,212
African goods store,212
Educational testing service,212
Midwife,211
Hunting club,211
Outdoor activity organiser,211
Dance club,211
Social worker,211
Live music bar,210
Pediatric ophthalmologist,210
Meeting room,210
Chinese takeaway,210
Mexican goods store,209
Livestock auction house,209
Gas logs supplier,208
Cuban restaurant,208
Rock climbing,208
Pond contractor,207
Abrasives supplier,207
Iron works,207
Meat packer,207
Car security system installer,207
Locks supplier,206
Martial arts club,206
Quarry,206
Dirt supplier,206
Swimming,205
Religious destination,205
Food store,205
Police supply store,205
Balloon artist,204
Local history museum,204
Calvary Chapel church,204
Yacht broker,204
Logistics,203
Southeast Asian restaurant,203
Emergency training,202
Organic food store,202
Fresh food market,201
BMW dealer,201
Nursing school,201
Used game store,201
Wine club,201
Delivery Chinese restaurant,200
Skylight contractor,200
Electronics company,199
Government,199
Glass blower,199
Boat builders,199
Reproductive health clinic,199
Part time daycare,199
Kosher restaurant,198
Airbrushing service,198
Hindu temple,198
Foster care service,197
Casket service,197
Dominican restaurant,197
Wheelchair rental service,197
Pump supplier,197
Raft trip outfitter,196
Newspaper advertising department,195
Aluminum supplier,195
Public parking space,195
Building design company,195
Psychiatric hospital,195
Magician,194
Drafting service,194
Probation office,194
Aircraft maintenance company,192
Vehicle shipping agent,192
Mobile home supply store,192
Computer accessories store,192
Special education school,192
Adoption agency,191
Beer garden,191
Cottage,191
Leasing service,191
Art restoration service,191
Music producer,191
Massage school,191
Stair contractor,191
Organic farm,191
Nissan dealer,190
Scooter rental service,190
Surplus store,190
Hot dog stand,190
Nephrologist,190
Cooking class,190
Costume jewelry shop,190
Brewing supply store,190
Aromatherapy supply store,189
Log cabins,189
Beautician,189
Gift wrap store,188
Book publisher,188
Transportation,188
Paralegal services provider,188
Surveyor,187
Establishment,187
Modular home builder,186
Trucking school,186
Anglican church,186
Aquarium shop,186
Lighting wholesaler,186
Public safety office,186
Business school,185
Hunting preserve,185
Beauty,185
Adventure sports,185
Container service,185
Agricultural production,185
Baking supply store,184
Hunting and fishing store,183
Outerwear store,183
Foreign consulate,183
Roller skating rink,183
Free parking lot,182
Mens tailor,182
Coaching center,182
Public works department,182
Child health care centre,181
Zoo,181
Warehouse store,181
Shelving store,180
SCUBA tour agency,180
Fish farm,179
Incense supplier,179
Full Gospel church,178
Auto accessories wholesaler,178
Vacuum cleaning system supplier,178
Glass etching service,176
Sewing company,176
Stage,176
Painting lessons,176
Private golf course,176
Cutlery store,176
Movie studio,175
Transportation infrastructure,175
Comedy club,175
National forest,175
Extended stay hotel,172
Trail head,172
Vocal instructor,172
Soil testing service,172
Hunting store,172
Linoleum store,171
Plywood supplier,171
Filipino restaurant,171
Debt collection agency,171
Swimming facility,170
Fertility physician,170
Tennis store,170
Bank or ATM,169
Adult DVD store,169
Rental,169
Amusement park,169
Osteopath,169
Violin shop,169
Gynecologist,169
Aerobics instructor,169
Clothing supplier,169
Alternator supplier,168
Private tutor,168
Prosthodontist,168
Mercedes-Benz dealer,168
Reservoir,168
Glazier,168
Karaoke,168
Soccer store,168
Racecourse,167
Valet parking service,167
Bouncy castle hire,167
Massage supply store,167
Nursery school,167
Amish furniture store,167
Printing equipment and supplies,167
Army & navy surplus shop,166
Boiler supplier,165
Food processing company,165
Veterans affairs department,164
Saw sharpening service,164
Toll booth,164
Video conferencing service,163
Mission,163
Water treatment plant,163
Knit shop,163
Air compressor supplier,163
Pie shop,162
Fiberglass repair service,162
Gymnastics club,161
Playground equipment supplier,161
Educational supply store,161
Lymph drainage therapist,160
Gospel church,160
Auto sunroof shop,160
Gay bar,159
Investment company,159
Futon store,159
Private university,159
Fish store,158
Energy supplier,158
Pond,158
Craniosacral therapy,157
Chapel,157
Event technology service,157
Masonic center,157
Non-governmental organization,156
Cadillac dealer,156
Lamination service,156
Scrapbooking store,156
Gazebo builder,156
Services,155
BBQ area,155
Athletic track,155
Petroleum products company,155
Hay supplier,155
Art,154
Cliff,154
Research foundation,154
Wesleyan church,154
Metal workshop,154
Mirror shop,154
Elevated,153
Volleyball court,153
Homeopath,153
Ballroom,152
Pond supply store,152
Public beach,152
Cottage rental,152
Gas installation service,151
Food and beverage consultant,151
Income protection insurance,151
Shoe shining service,150
Reform synagogue,150
Resume service,150
Wildlife rescue service,150
National park,150
Wine storage facility,150
Softball club,148
Emergency training school,148
Mapping service,148
Monument,148
Martial arts supply store,148
Recycling drop-off location,148
Bookbinder,148
Paper mill,148
Regional airport,148
Pet friendly accommodation,147
Logging contractor,147
Travel clinic,147
Botanical garden,147
Chemical manufacturer,147
Kerosene supplier,147
Environmental organization,146
Statuary,146
Class,146
Baby swimming school,146
Executive search firm,146
Theater production,146
Judo school,146
Tire repair shop,146
Amphitheater,145
Feed manufacturer,145
Appliance rental service,145
Primary school,145
Stereo repair service,145
Beach pavillion,145
Rodeo,145
Bag shop,144
Estate appraiser,144
Interior Decorator,144
Stores and shopping,144
Wheelchair repair service,144
Construction and maintenance office,144
Modeling agency,144
Traditional American restaurant,144
Asphalt mixing plant,144
Design,144
Court reporter,144
Beach clothing store,144
Glass industry,144
Poultry farm,144
Ski resort,143
Pottery classes,143
Volleyball club,143
Gambling house,142
Turf supplier,142
Bicycle rack,142
Family planning center,142
Colombian restaurant,142
Athletic park,142
Curtain store,141
Dairy supplier,141
Fabrication engineer,141
Tennis instructor,141
Screen store,141
Pakistani restaurant,140
Race car dealer,140
Occupational safety and health,140
License bureau,140
Bowling supply shop,140
Business banking service,140
Bus and coach company,140
Rubber products supplier,140
Conservation department,139
Copying supply store,139
Weigh station,139
Office,139
Patent attorney,139
Driveshaft shop,138
Birth center,138
Video game rental service,138
English language school,138
Basketball club,138
Bird shop,138
Design engineer,138
Building consultant,138
Photo booth,137
Church supply store,137
Wicker store,137
Drum school,137
Wine wholesaler and importer,137
Junk dealer,137
Immunologist,137
Interior plant service,136
Dump truck dealer,136
Plastic injection molding service,135
Sheet music store,135
Landmark,134
Audi dealer,134
Kung fu school,134
Sticker manufacturer,134
Youth club,134
Chinese medicine clinic,133
Lottery shop,133
Water cooler supplier,133
Shelter,133
Fishing club,133
Holiday apartment,132
Function room facility,132
Horse riding,132
Classified ads newspaper publisher,130
Door manufacturer,130
Harbor,130
Drama school,130
Agriculture cooperative,129
Agricultural cooperative,129
Transportation escort service,129
Machine repair service,129
Car manufacturer,128
Beauty products wholesaler,128
Chocolate artisan,128
City clerk's office,128
Artificial plant supplier,128
Beer hall,128
Hip hop dance class,127
Lamp repair service,127
Laser tag center,127
Heart hospital,127
Irish pub,127
Power station,127
Self-catering accommodation,127
Indoor golf course,126
Oil store,126
Pet funeral service,126
Business broker,125
Volkswagen dealer,125
Boot repair shop,125
Veterans center,124
Appliances customer service,124
Cosmetics industry,124
Fishing area,123
Dairy store,123
Nut store,123
Noodle shop,123
Department of Social Services,123
Short term apartment rental agency,123
Sushi takeaway,123
Machine maintenance,123
Transcription service,123
Tapas restaurant,123
Dress and tuxedo rental service,122
Italian grocery store,122
Real estate auctioneer,122
Internet shop,121
Physician assistant,121
Clothing wholesaler,121
Medical billing service,120
Tobacco supplier,120
Preparatory school,120
Livestock breeder,120
Butcher shop deli,120
Horse rental service,120
Electronics,120
African restaurant,120
Greek Orthodox church,119
Weather forecast service,119
Mobile hairdresser,118
Road construction machine repair service,118
Customs broker,118
Bearing supplier,118
Industrial vacuum equipment supplier,118
Down home cooking restaurant,117
Needlework shop,117
Pick your own farm produce,117
Water ski shop,117
Body arts,117
Metal construction company,117
Sailing school,117
House sitter,116
Native american goods store,116
Media consultant,116
Knife store,116
Accounting,115
Mining company,115
Culture,115
Salvage dealer,115
Pho restaurant,115
Tai chi school,115
Aquarium,115
Handicraft,115
Gyro restaurant,115
Civic center,115
Motorcycle rental agency,114
Snowboard rental service,114
Conservative synagogue,114
Aviation,114
Reptile store,114
Helicopter tour agency,114
Abortion clinic,114
Eastern Orthodox Church,114
Tax assessor,114
Protective clothing supplier,114
Dried flower shop,113
Metal stamping service,113
Screen printing supply store,113
Foursquare church,113
Graduate school,113
Carpet wholesaler,112
Helium gas supplier,112
Tattoo artist,112
Plating service,112
Lincoln dealer,111
Diabetes equipment supplier,111
Transport interchange,111
CrÃªperie,111
Container supplier,111
Surf school,110
Foot bath,110
Infectious disease physician,110
Winemaking supply store,110
School administrator,109
Ferry service,109
Store equipment supplier,109
Livestock producer,109
Army facility,108
Tool manufacturer,108
Southwestern restaurant (US),108
Little league field,108
Honduran restaurant,107
ATV rental service,107
Glass engraver,107
Agrochemicals supplier,107
Doll store,107
Puerto Rican restaurant,107
Convention information bureau,107
Hockey rink,107
Silk plant shop,107
Rock climbing gym,107
Metal working shop,106
Dinner theater,106
Vegetarian cafe and deli,106
Bird watching area,106
City tax office,106
Music management and promotion,105
Coin operated laundry equipment supplier,105
Go-kart track,105
Wildlife park,105
Orchestra,105
Brazilian restaurant,105
Reef,105
Camera repair shop,104
Public wheelchair-accessible bathroom,104
Office equipment rental service,104
Prefabricated house companies,104
Metal processing company,104
South Asian restaurant,103
Sewage treatment plant,103
Seasonal goods store,103
Hyundai dealer,103
Rubber stamp store,103
Container terminal,103
Villa,102
Farm bureau,102
Seminary,102
Lebanese restaurant,102
Airplane,102
Vista point,101
Tower communication service,101
Jewellery manufacturer,101
Mitsubishi dealer,101
Homestay,101
Egg supplier,100
E commerce agency,100
Industrial real estate agency,100
Porsche dealer,100
Oil refinery,100
Roller coaster,100
Tapas bar,100
Body shaping class,99
Taxicab Stand,99
Garden building supplier,99
Holiday home,98
Student union,98
School center,98
Medical examiner,98
Cultural landmark,98
Chemical wholesaler,98
Information bureau,98
Police station,98
Bricklayer,98
Monastery,97
Miniatures store,97
Water works,97
Fish & chips restaurant,97
Strait,97
Pet cemetery,97
Dry ice supplier,97
Fabric wholesaler,97
Water jet cutting service,97
Venezuelan restaurant,97
Alliance church,97
Haitian restaurant,96
Coffee machine supplier,96
Registered general nurse,96
Fountain contractor,96
Korean church,96
Observatory,96
Agricultural product wholesaler,96
Video conferencing equipment supplier,95
Public housing,95
Medical lawyer,95
Tax collector's office,95
Hockey supply store,95
Pond fish supplier,95
Loss adjuster,94
Retail space rental agency,94
Electronics vending machine,94
Foundry,94
Agricultural organization,94
Registration office,94
Beach entertainment shop,93
Boating instructor,93
Meal delivery,93
Plastic products supplier,93
Aquatic centre,93
Printing equipment supplier,93
Cattle farm,93
Insurance,93
Mining equipment,92
Circus,92
Drivers license training school,92
Channel,92
District Justice,92
Wine cellar,92
Import export company,92
Mazda dealer,91
Art cafe,91
Halfway house,91
Chinaware store,90
Confectionery,90
Steel construction company,90
Belt shop,90
Model shop,90
Military cemetery,90
Horse riding field,90
Dental school,89
Airline ticket agency,89
Urban planning department,89
Database management company,89
Curtain and upholstery cleaning service,89
Ethiopian restaurant,89
Hair transplantation clinic,88
Countertop contractor,88
Football club,88
Soup kitchen,88
Parish,88
Parking lot for bicycles,88
Department of Public Safety,87
Wrestling school,87
Free clinic,87
Lighting manufacturer,87
Paint stripping company,87
Metal polishing service,86
Water,86
Closed circuit television,86
Log home builder,86
Stamp shop,86
Drum store,86
Vinyl sign shop,86
Korean barbecue restaurant,85
Heritage museum,85
Turkish restaurant,85
Economic development agency,85
Creole restaurant,85
Disciples of Christ Church,85
Bicycle club,85
Advertising service,85
Residents association,85
Horse trailer dealer,84
Fishing lake,84
Skeet shooting range,84
Insulator supplier,84
Observation deck,84
Power plant equipment supplier,84
Internal medicine ward,84
Housing association,84
Harley-Davidson dealer,83
Administrative attorney,83
Little league club,83
Medical certificate service,83
Family day care service,83
Oil wholesaler,83
Vocational college,83
Serviced apartment,82
Domestic abuse treatment center,82
Industrial consultant,82
Gay & lesbian organization,82
Coffee vending machine,82
Hispanic church,82
Canoeing area,82
Subaru dealer,81
Cider bar,81
Crane dealer,81
Country park,81
Surgical supply store,81
First aid station,81
Photography class,81
Small plates restaurant,81
Head start center,80
Sweets and dessert buffet,80
Green energy supplier,80
Glassware store,80
Racquetball club,80
Credit reporting agency,80
Oyster bar restaurant,80
Moped dealer,80
Model train store,79
Luggage repair service,79
Chinese noodle restaurant,79
Spiritist center,79
Refrigerated transport service,79
Childrens club,79
Livestock dealer,79
Childrens book store,79
Fire department equipment supplier,79
Blacksmith,78
Glass manufacturer,78
Youth group,78
Computer hardware manufacturer,78
Costume rental service,78
Battery wholesaler,78
Shipyard,78
Std clinic,78
Rare book store,78
Photocopiers supplier,78
Chicken shop,78
Veterans hospital,78
Skin care products vending machine,78
Law school,77
Auto window tinting service,77
Gasfitter,77
Oil and gas exploration service,77
Laboratory equipment supplier,77
Soccer practice,77
Board game club,77
Fur service,77
Pediatric cardiologist,76
Industrial design company,76
Pet moving service,76
Building firm,76
Holiday apartment rental,76
Taiwanese restaurant,76
Astrologer,76
Bus ticket agency,76
Aluminum window,76
Notable street,75
Glass merchant,75
Rafting,75
Makerspace,75
Homes,75
Women's organization,75
Financial audit,75
Food manufacturing supply,74
Archive,74
Crab house,74
Bark supplier,74
Architectural salvage store,74
Cattery,74
Car factory,74
Volvo dealer,73
Cosmetic products manufacturer,73
Hot pot restaurant,73
Skydiving center,73
Fitness equipment wholesaler,73
Truss manufacturer,73
Mill,73
Building materials market,73
State police,73
Forensic consultant,73
Hockey club,72
West African restaurant,72
Kia dealer,72
Equestrian store,72
Cat boarding service,72
Optical products manufacturer,72
Hostel,72
Blast cleaning service,71
Theme park,71
Lamp shade supplier,71
Restaurant or cafe,71
Serviced accommodation,71
Indian takeaway,70
Building lots sales agency,70
Natural stone wholesaler,70
Salsa classes,70
Birth control center,70
Fixed-base operator,70
Land Rover dealer,70
Russian Orthodox church,70
Japanese steakhouse,70
Rice restaurant,70
Housing cooperative,70
Emergency services,70
Ram dealer,70
Amusement machine supplier,70
Chocolate factory,70
Bar stool supplier,69
Farmstay,69
Yamaha motorcycle dealer,69
Childbirth class,69
Ferry terminal,69
Dim sum restaurant,69
Motorcycle driving school,69
Photo agency,69
Medical equipment manufacturer,69
Visa consultant,68
Wood working class,68
Human resources,68
Aviation training institute,68
Graffiti removal service,68
Balloon ride tour agency,68
Airsoft supply store,68
Metal heat treating service,68
Mine,67
Fusion restaurant,67
Computer wholesaler,67
Manufactured home transporter,67
Pier,67
Sauna store,67
Animation studio,67
Industrial door supplier,67
Video camera repair service,66
Holiday accommodation service,66
Eclectic restaurant,66
Rowing club,66
Dating service,66
Dairy,66
Stone cutter,66
Mexican torta restaurant,66
Snowmobile rental service,66
Magic store,66
Biofeedback therapist,66
Fruit parlor,66
Health and beauty,66
Camping cabin,66
Pony ride service,65
Steelwork manufacturer,65
Travellers lodge,65
Hall,65
Recycling container location,65
Soccer,65
Driving test centre,64
Railroad contractor,64
Metal industry suppliers,64
Californian restaurant,64
Saddlery,64
Border crossing station,64
Sports,64
Interior door,64
Scouting,64
Machine workshop,64
Guatemalan restaurant,64
Auditor,64
Telemarketing service,64
Homeopathic pharmacy,64
Flavours fragrances and aroma supplier,63
Baseball goods store,63
Unity church,63
Adventure sports center,63
Wholesale market,63
Motor scooter repair shop,63
Knitting instructor,63
Carriage ride service,63
Religious book store,63
Wedding buffet,63
Notions store,63
Fiberglass supplier,63
Travel,62
Hospital equipment and supplies,62
Kawasaki motorcycle dealer,62
Agricultural service supply agency,62
Children's museum,62
Door warehouse,62
Tool & die shop,62
Physician referral service,62
Parasailing ride service,62
Yoga retreat center,62
Private college,62
Cheese manufacturer,62
Gurudwara,62
Hydroelectric power plant,62
Environmental protection organization,61
Furniture accessories supplier,61
Income tax help association,61
Magazine store,61
Propeller shop,61
Musical instrument manufacturer,61
Youth care,61
Kosher grocery store,61
Housing society,60
Dart supply store,60
Vineyard church,60
Embassy,60
Leather goods manufacturer,60
Gemologist,60
Plasterer,60
Repairs,60
Kite shop,60
Sichuan restaurant,60
Gastrointestinal surgeon,60
Shooting event area,60
Boarding house,60
Whale watching tour agency,60
Crime victim service,60
Banking and finance,60
Pool billard club,60
Brick manufacturer,59
Gay night club,59
Correctional services department,59
Pathologist,59
Wholesaler household appliances,59
Containers supplier,59
Ecological park,59
Heritage building,59
Electronics wholesaler,58
Packaging machinery,58
Group accommodation,58
Private hospital,58
Dental supply store,58
War memorial,58
Arboretum,58
Cooking school,58
Steel erector,58
Acoustical consultant,58
Civil police,57
Mailbox supplier,57
Trucking,57
Machinery parts manufacturer,57
Pizza takeaway,57
Fountain,57
Sand plant,57
Fencing school,57
Leather wholesaler,57
Pan-Asian restaurant,57
Persian restaurant,57
Rock climbing instructor,57
DJ supply store,57
Dumpling restaurant,56
Alcoholic beverage wholesaler,56
Jewelry equipment supplier,56
Diabetologist,56
Electrical substation,56
Foam rubber supplier,56
Lexus dealer,56
Specialized hospital,56
Ghost town,56
Detention center,56
Photography,56
Industrial engineer,56
Camper shell supplier,56
Bartending school,56
Falafel restaurant,56
Ski repair service,55
Certification agency,55
Jaguar dealer,55
Marine engineer,55
Board of education,55
Pet care service,55
Fiber optic products supplier,55
Musical club,55
Ecuadorian restaurant,55
Clothes and fabric manufacturer,55
Rail museum,55
Aerial sports center,55
Poultry store,54
State Department of Transportation,54
Aikido school,54
Curtain supplier and maker,54
Used CD store,54
Glass block supplier,54
Cell phone charging station,54
Food broker,54
Coin cashing machine,53
Fair,53
Teppanyaki restaurant,53
Genealogist,53
Accounting software company,53
Adult foster care service,53
Congregation,53
Chicken hatchery,53
Marriage celebrant,53
Holding company,53
Air force base,53
Warehouse club,53
Geotechnical engineer,53
Debt collecting,52
Pen store,52
Solid waste engineer,52
Acura dealer,52
Amusement ride supplier,52
Planetarium,52
Voter registration office,52
Frozen food store,52
Tag agency,52
Pneumatic tools supplier,51
Wholesale food store,51
Senior high school,51
Bonsai plant supplier,51
Clock watch maker,51
BMX track,51
Literacy program,51
Christmas market,51
Eating disorder treatment center,51
Earth works company,51
Boarding school,51
Helicopter charter,51
South American restaurant,51
Chemical industry,51
Car sharing location,51
Nuevo Latino restaurant,51
Tamale shop,50
Laser equipment supplier,50
Duty free store,50
Drive-in movie theater,50
Tune up supplier,50
Charcuterie,50
Pet care,50
River port,50
Exhibition planner,50
Juvenile detention center,50
Outdoor equestrian facility,50
Driver and vehicle licensing agency,50
Spring supplier,50
Beach volleyball court,50
AÃ§aÃ­ shop,50
Electronics accessories wholesaler,49
Timeshare agency,49
Dairy farm equipment supplier,49
Cantonese restaurant,49
Industrial chemicals wholesaler,49
Professional and hobby associations,49
Cement supplier,49
Afghani restaurant,49
Pinatas supplier,49
Fireworks supplier,49
Image consultant,49
Map store,49
Unfinished furniture store,49
Cider mill,48
Fireplace manufacturer,48
Federal courthouse,48
Jazz club,48
Care services,48
Small claims assistance service,48
3D printing service,48
Fabric product manufacturer,48
Aquaculture farm,48
Animal park,48
Genesis dealer,48
Mandarin restaurant,48
City Department of Public Safety,47
Fishing,47
Media house,47
Skate sharpening service,47
Envelope supplier,47
Railway services,47
Science academy,47
Solar photovoltaic power plant,47
Ham shop,47
Frozen food manufacturer,47
Paper store,47
Hub cap supplier,47
District attorney,47
Proctologist,47
Liquor wholesaler,47
Forestry office,47
Hawaiian goods store,47
Railroad equipment supplier,46
Drama theater,46
Flooring,46
Building,46
Office equipment repair service,46
Food and beverage exporter,46
Camping farm,46
Play school,46
Christian college,46
Cycling park,46
Village hall,46
Country food restaurant,46
Gas shop,46
Nepalese restaurant,46
Model design company,46
Cruise line company,46
Industrial building,46
German restaurant,46
Sailing club,45
Train yard,45
Interior architect office,45
Payphone,45
Prosthetics,45
Public defender's office,45
Cosmetics and perfumes supplier,45
Metal machinery supplier,45
Land surveying office,45
CD store,45
Crop grower,45
Visa and passport office,45
Music publisher,44
Swimming basin,44
Tram stop,44
Desktop publishing service,44
Messianic synagogue,44
Plumbing,44
Metal detecting equipment supplier,44
Lapidary,44
Traditional restaurant,44
Optical wholesaler,44
Science museum,44
Perinatal center,44
Minibus taxi service,43
Legal aid office,43
District government office,43
Golf course builder,43
Coal supplier,43
Distance learning center,43
Pancake restaurant,43
Aircraft manufacturer,43
Condiments supplier,43
Tennis court construction company,43
Argentinian restaurant,43
Sculptor,43
Battery manufacturer,43
Suzuki motorcycle dealer,43
Friends church,43
Toy and game manufacturer,43
Video equipment repair service,43
Korean grocery store,43
Tile manufacturer,42
Food processing equipment,42
Nightlife,42
Fair trade organization,42
Textile mill,42
Orchid grower,42
Police academy,42
Dog cafe,42
Chocolate cafe,42
Music conservatory,42
Sailmaker,42
Oriental goods store,42
Customs warehouse,42
Law library,41
City administration,41
Measuring instruments supplier,41
Shipping equipment industry,41
Software training institute,41
District office,41
Haute couture fashion house,41
Central American restaurant,41
Medical transcription service,41
Scale supplier,41
Parkour spot,41
Sheltered housing,41
Table tennis facility,41
Tea manufacturer,41
Authentic Japanese restaurant,40
Tea wholesaler,40
Endoscopist,40
Diving center,40
Rapids,40
Clergyman,40
Parking,40
Environment renewable natural resources,40
Unemployment office,40
Gravel pit,40
Pinball machine supplier,39
Archery club,39
Bicycle wholesale,39
Yeshiva,39
Home hairdresser,39
Vending machine,39
Property administrator,39
Plastic wholesaler,39
Wedding dress rental service,38
Vehicle exporter,38
Mausoleum builder,38
Disability equipment supplier,38
Vista,38
Olive oil bottling company,38
Spa town,38
Fruit and vegetable wholesaler,38
Bridge club,38
Golf,38
Childrens theater,38
Paper shredding machine supplier,38
Quaker church,38
Deaf service,38
Children Policlinic,38
PVC windows supplier,38
Car rental,37
Raw food restaurant,37
State employment department,37
Gymnasium school,37
Equestrian club,37
Telecommunications engineer,37
Technology park,37
Agricultural association,37
Paintball store,37
Clothes market,37
Concrete factory,37
Cake decorating equipment shop,37
Plastic bag supplier,36
Watch manufacturer,36
Social services,36
Suzuki dealer,36
Display stand manufacturer,36
Poke bar,36
Cathedral,36
Convent,36
Lawyers association,36
Ceramic manufacturer,36
Tribal headquarters,36
Ocean,36
Ethnic restaurant,36
Off track betting shop,36
Health counselor,35
University hospital,35
Moroccan restaurant,35
Karate club,35
East African restaurant,35
Junk store,35
Basketball court contractor,35
Russian restaurant,35
Government economic program,35
Transit stop,35
Trust bank,35
Domestic airport,35
Shrine,35
Parochial school,35
Organic drug store,35
Irish goods store,35
Brasserie,35
Modern Indian restaurant,35
Milk delivery service,35
Ceramics wholesaler,34
Water tank cleaning service,34
Police,34
Outlet mall,34
Ceiling supplier,34
Barrel supplier,34
Cultural association,34
Rectory,34
Airport parking lot,34
Gasket manufacturer,34
Childrens home,34
Footwear wholesaler,34
Agricultural machinery manufacturer,34
Weddings,34
Mathematics school,34
International trade consultant,34
Record company,34
Fur coat shop,33
Barbecue area,33
Polygraph service,33
Polish restaurant,33
Piano bar,33
Women's shelter,33
Marines facility,33
Industrial area,33
Singles organization,33
Laotian restaurant,33
Infiniti dealer,33
Iron steel contractor,33
Alcohol manufacturer,33
Modern European restaurant,33
Semi conductor supplier,33
Beverages,33
Household goods wholesaler,33
Polythene and plastic sheeting supplier,33
Psychoneurological specialized clinic,32
Irish restaurant,32
Drilling equipment supplier,32
Dart bar,32
Patisserie,32
Natural history museum,32
Maternity hospital,32
Leather coats store,32
Naval base,32
Ski club,32
Municipal administration office,32
Parking lot for motorcycles,32
Marine surveyor,32
Bead wholesaler,32
Interior decoration,31
Dude ranch,31
School house,31
Fruit wholesaler,31
Dog care,31
City department of transportation,31
Medical technology manufacturer,31
Wood frame supplier,31
Acrylic store,31
Agriculture,31
Pantry,31
Package locker,31
Council,31
Biking trail,31
Mountain range,31
BMW motorcycle dealer,30
Coffin supplier,30
Doula,30
Sculpture museum,30
Water skiing instructor,30
Sports accessories wholesaler,30
Fish processing,30
Scale repair service,30
Community school,30
Public sector bank,30
Nuclear power plant,30
Portuguese restaurant,30
National reserve,30
Office supply wholesaler,30
Finishing materials supplier,30
Maserati dealer,30
Travel services,30
Hotel supply store,29
Canoe and kayak club,29
Ice cream equipment supplier,29
International airport,29
Modern art museum,29
Geyser,29
Oriental medicine clinic,29
Child psychiatrist,29
Fruits wholesaler,29
Convenience stores organization,29
House clearance service,29
Bikram yoga studio,29
Airstrip,29
Stone carving,29
Cricket ground,29
Spices wholesalers,29
District court,29
Coast guard station,29
Theater supply store,29
Drawing lessons,29
Passport agent,29
Opera company,29
Antenna service,29
Eastern European restaurant,28
Food seasoning manufacturer,28
Insurance school,28
Photography school,28
Hydraulic engineer,28
PVC industry,28
Justice of the peace,28
Student career counseling office,28
Food machinery supplier,28
Mongolian barbecue restaurant,28
Printer ink refill store,28
Toy manufacturer,28
Travel lounge,28
Kebab shop,28
Judo club,28
Education and culture,28
Gas and automotive,27
Cambodian restaurant,27
Exhibition and trade centre,27
Ice skating instructor,27
Bar restaurant furniture store,27
Neonatal physician,27
Table tennis club,27
Machine construction,27
Dynamometer supplier,27
Public medical center,27
Shoe factory,27
Flour mill,27
Cannery,27
Engineering school,27
Solar hot water system supplier,27
Rugby field,26
Figurine shop,26
Communications central,26
Wax supplier,26
Alfa Romeo dealer,26
Bakery equipment,26
Typing service,26
Power plant consultant,26
Eye care,26
Northern Italian restaurant,26
Music,26
Scientific equipment supplier,26
Electric utility manufacturer,26
High ropes course,26
Builder,25
Attraction,25
Marketing,25
Wedding souvenir shop,25
Heritage preservation,25
Office refurbishment service,25
Livery company,25
Real estate fair,25
Ice skating club,25
Oxygen cocktail spot,25
Electrical appliance wholesaler,25
Marriage license bureau,25
Workers' club,25
Sugar shack,25
Oyster supplier,25
Table tennis supply store,25
Steel drum supplier,24
Scale model club,24
Sport tour agency,24
Fruit and vegetable processing,24
Bangladeshi restaurant,24
Typewriter repair service,24
Motoring club,24
Psychoanalyst,24
Detective,24
Smart shop,24
Tool grinding service,24
Technical university,24
Outdoor movie theater,24
Elevator manufacturer,24
Rainwater tank supplier,24
Learner driver training area,24
Disco club,24
Kinesiologist,24
Factory equipment supplier,24
Fiat dealer,24
Laminating equipment supplier,24
Sanitary inspection,24
Dam,24
Fish and chips takeaway,23
Musician and composer,23
Mobile network operator,23
BPO company,23
Southern Italian restaurant,23
Junior college,23
Compressed natural gas station,23
Line marking service,23
Steel framework contractor,23
Feng shui consultant,23
Izakaya restaurant,23
Plastic resin manufacturer,23
Pharmaceutical lab,23
Health resort,23
Cosmetic surgeon,23
Pottery manufacturer,23
Airbrushing supply store,23
Tower,23
Carpet manufacturer,23
Stainless steel plant,23
Childrens cafe,23
Archaeological museum,23
Playgroup,23
Public transport,22
Telephone exchange,22
Clothing wholesale market place,22
Road cycling,22
Mehndi designer,22
Holiday park,22
Rescue squad,22
Barn,22
Catholic cathedral,22
Thread supplier,22
Luggage storage facility,22
Double glazing installer,22
Slaughterhouse,22
Port authority,22
Mobile money agent,22
Company registry,22
Mold maker,22
Handball court,22
Chemistry lab,22
Higher education,22
Leather goods supplier,22
Swimming competition,22
Vegetable wholesaler,22
Screw supplier,22
Cash and carry wholesaler,22
Castle,22
Squash court,22
Agricultural,22
Theatrical costume supplier,22
Chinese medicine store,22
Auto chemistry shop,22
Electric vehicle charging station contractor,22
Dive club,21
Used store fixture supplier,21
Cottage village,21
Court executive officer,21
Residential college,21
Japanese curry restaurant,21
Singing telegram service,21
Diaper service,21
Ice hockey club,21
Concrete metal framework supplier,21
Private equity firm,21
Cosmetics wholesaler,21
Tunnel,21
Cave,21
Computer club,21
Cruise terminal,21
Childrens party buffet,21
Air taxi,21
Gay sauna,21
Farm household tour,21
Highway patrol,21
Studying center,21
Sailing event area,21
Couture store,21
Public utility,21
Security,20
Haberdashery,20
Land allotment,20
Wool store,20
Archaeological site,20
Resident registration office,20
Birth certificate service,20
Tourism,20
Childrens farm,20
Model portfolio studio,20
Burmese restaurant,20
Cattle market,20
Steelwork design company,20
Tiki bar,20
Computer desk store,20
Hunan restaurant,20
Waterbed store,20
Roommate referral service,20
Cinema equipment supplier,20
Civil defense,20
Railroad ties supplier,19
Study at home school,19
Architectural and engineering model maker,19
Hot spring,19
Consumer advice center,19
Festival hall,19
Newspaper distribution,19
Japanese grocery store,19
Indonesian restaurant,19
Biryani restaurant,19
Household chemicals supplier,19
Dance conservatory,19
Chess club,19
Squash club,19
Drafting equipment supplier,19
Instruction,19
International school,19
VCR repair service,19
BMX park,19
Olive oil manufacturer,19
Assembly room,19
Indian Muslim restaurant,19
Intellectual property registry,19
Farm school,19
Opera house,18
Justice department,18
Malaysian restaurant,18
Armenian church,18
Mfr,18
Wind farm,18
Students support association,18
Bocce ball court,18
Lock Store,18
Triumph motorcycle dealer,18
Lighthouse,18
Anodizer,18
Mountaineering class,18
Continental restaurant,18
Knife manufacturing,18
Notaries association,18
Boxing ring,18
Accounting school,18
Food delivery,18
Music box store,18
Inlet,18
Cabaret club,18
Aero dance class,18
Train depot,18
Ventilating equipment manufacturer,18
Leagues club,17
Fortune telling services,17
Tea market place,17
Office services,17
Maritime museum,17
Motorcycles,17
Magistrates' court,17
Sportwear manufacturer,17
War museum,17
Crater,17
Venture capital company,17
Coalfield,17
Aromatherapy class,17
Bowling club,17
Textiles,17
Department of education,17
Gardening products and services,17
Modeling school,17
Armenian restaurant,17
Seaplane base,17
Tobacco exporter,17
Fortress,17
Heating,17
Industrial supermarket,17
Real estate surveyor,17
Land planning authority,17
Port operating company,17
Pharmaceutical products wholesaler,17
Choir,17
Paper bag supplier,17
Apprenticeship center,17
Port,17
Gypsum product supplier,17
School for the deaf,17
Helpline,17
Martial arts,17
Belgian restaurant,17
Kitchen,16
British restaurant,16
Chinese bakery,16
Alternative medicine,16
Memorial estate,16
Vegetable wholesale market,16
Textile exporter,16
Udon noodle restaurant,16
Superfund site,16
Beach cleaning service,16
Modern French restaurant,16
Shared-use commercial kitchen,16
Saab dealer,16
Asian household goods store,16
Wok restaurant,16
Hair,16
Beauty products vending machine,16
Real estate rental,16
Telescope store,16
Toiletries store,16
Boiler manufacturer,16
Moravian church,16
Distributary,16
Shipbuilding and repair company,16
English language instructor,16
Disposable tableware supplier,16
Multimedia and electronic book publisher,16
Foreign languages program school,16
Seafood,16
Books wholesaler,16
Handicraft school,16
Office of Vital Records,16
Water skiing service,15
Futsal court,15
Stitching class,15
Aeroclub,15
Customs department,15
Music college,15
Electronics engineer,15
Pedestrian zone,15
Institute of technology,15
Display home centre,15
Transit depot,15
Scaffolder,15
Tannery,15
Fire fighters academy,15
Uzbeki restaurant,15
Childrens library,15
Basketball,15
Beach volleyball club,15
Train ticket office,15
Cement manufacturer,15
Metropolitan train company,15
X-ray equipment supplier,15
Bus depot,15
Volcano,15
Toolroom,15
Trade fair construction company,15
Meat dish restaurant,15
Lawyer,15
Technology museum,14
Marine protected area,14
Leisure centre,14
Military hospital,14
Design institute,14
Open air museum,14
Ducati dealer,14
Russian grocery store,14
Dental,14
Customs consultant,14
Data entry service,14
Anime club,14
Carpool,14
Dance pavillion,14
Fitted furniture supplier,14
Road safety town,14
Roadside assistance,14
Australian restaurant,14
Cotton mill,14
Sexologist,14
Neapolitan restaurant,14
Military school,14
Lawn bowls club,14
Fund management company,14
Ayurvedic clinic,14
Aluminum frames supplier,14
Olive oil cooperative,14
Lamborghini dealer,14
Ski school,14
Souvenir manufacturer,14
Fashion design school,14
MINI dealer,14
Suburban train line,14
Lagoon,14
Rugby club,14
Family planning counselor,14
Mobile disco,14
Computers,14
Hockey,14
Copper supplier,14
Jewelry exporter,13
Registry office,13
Shanghainese restaurant,13
Rolled metal products supplier,13
Horseshoe smith,13
Greengrocer,13
Fondue restaurant,13
Toy museum,13
Basket supplier,13
Polymer supplier,13
Embossing service,13
Coppersmith,13
Mailing machine supplier,13
Mechanical plant,13
Furniture,13
Crisis center,13
Stringed instrument maker,13
Windmill,13
Municipal corporation,13
Chinese tea house,13
Bicycle store,13
Jewish restaurant,13
Spa garden,13
Seafood farm,13
Novelties wholesaler,13
Glassware wholesaler,13
Slope,13
Boys' high school,13
Handicrafts wholesaler,13
Taekwondo competition area,13
Shawarma restaurant,12
Terrain,12
Bookmaker,12
Chemical exporter,12
Promenade,12
Electronic engineer,12
Chess instructor,12
Men's health physician,12
Abbey,12
Windsurfing store,12
Public amenity house,12
Geologist,12
Erotic massage,12
Hypermarket,12
Performing arts,12
Sundae restaurant,12
Clothing,12
House sitter agency,12
Dogsled ride service,12
Horse transport supplier,12
Conveyor belt sushi restaurant,12
Badminton court,12
Ferrari dealer,12
Dietitian,12
Acupuncture school,12
Pan-Latin restaurant,12
National museum,12
Sperm bank,12
Flowers,12
Immigration detention centre,12
Non smoking holiday home,12
Battle site,12
Chemical engineer,12
Pacific Northwest restaurant (US),12
Seal shop,12
Customs office,12
Regional government office,12
Shabu-shabu restaurant,12
Poâ boys restaurant,12
Vegetation,12
Girls' high school,12
Freestyle wrestling,12
Nudist park,11
Residential area,11
Mining consultant,11
English language camp,11
Well,11
Bilingual school,11
Handicraft fair,11
New England restaurant,11
Cooperative,11
New Age church,11
Bentley dealer,11
Hindu priest,11
Wildlife and safari park,11
Plant and machinery hire,11
Night market,11
Israeli restaurant,11
Traffic police station,11
Nicaraguan restaurant,11
Sugar factory,11
Self service restaurant,11
Office accessories wholesaler,11
Country house,11
Egyptian restaurant,11
Army museum,11
Bicycles,11
Goldfish store,11
Rehearsal studio,11
French language school,11
Ladder supplier,11
Oriental medicine store,11
Orthoptist,11
Aircraft dealer,11
Hong Kong style fast food restaurant,11
Ballet theater,11
Legally defined lodging,11
Statue,11
Wellness hotel,11
Faculty of sports,11
Amateur theater,11
Chalet,11
Silk store,11
Fur manufacturer,10
Stereo rental store,10
Chophouse restaurant,10
Glacier,10
Press advisory,10
Courier & shipping services,10
Military residence,10
Curling club,10
Higher secondary school,10
Aston Martin dealer,10
Patients support association,10
Hot bedstone spa,10
Wind turbine builder,10
License plate frames supplier,10
Equipment exporter,10
Equipment importer,10
Reenactment site,10
Building designer,10
Stationery manufacturer,10
Federal police,10
Hang gliding center,10
Machine knife supplier,10
Precision engineer,10
Pizza,10
Train repairing center,10
Volleyball instructor,10
State Department of Environment,10
Gravel plant,10
Co-ed school,10
Department of finance,10
Tank,10
Australian goods store,10
Geological service,10
Syrian restaurant,10
Chess and card club,10
Soapland,10
Taoist temple,10
Therapists,10
Architecture school,10
Tax,10
Yakitori restaurant,10
Interior fitting contractor,10
Roller skating club,10
Diving contractor,10
Polynesian restaurant,10
Scandinavian restaurant,10
Party,9
Meeting point,9
Agricultural engineer,9
Video karaoke,9
McLaren dealer,9
Churreria,9
Childminder,9
Nursing association,9
Japanese delicatessen,9
Management school,9
Salsa bar,9
Thermal energy company,9
Surgical products wholesaler,9
Isuzu dealer,9
Chinese supermarket,9
Training,9
Cable car station,9
Cricket shop,9
Pets,9
Municipal health department,9
Community service,9
Polo club,9
Houseboat rental service,9
Truck farmer,9
Alcohol retail monopoly,9
Plastic bags wholesaler,9
Garden machinery supplier,9
Public female bathroom,9
Federal reserve bank,9
City Department of Environment,9
Metallurgy company,9
Cricket club,9
Dance restaurant,9
Numerologist,9
Confectionery wholesaler,9
Contemporary Louisiana restaurant,9
Cosmetics,9
Film and photograph library,9
Municipal Department of Tourism,9
Circular distribution service,9
Height works,9
Barrister,9
Traditional market,9
Ice,8
Train ticket agency,8
Surf lifesaving club,8
Ukrainian restaurant,8
Skating instructor,8
Psychosomatic medical practitioner,8
Cotton supplier,8
French steakhouse restaurant,8
Stove builder,8
Full dress rental service,8
Jain temple,8
Advertising,8
Social welfare center,8
Organic,8
Badminton club,8
Doll restoration service,8
Japanese confectionery shop,8
Hardware training institute,8
Samba school,8
Government hospital,8
Ashram,8
Printing,8
Vehicle examination office,8
Ticketing area,8
Buddhist supplies store,8
Angler fish restaurant,8
South African restaurant,8
Pile driver,8
Market operator,8
Eatery,8
Radio tower,8
Disabled sports center,8
Food production,8
Priest,8
Karaoke equipment rental service,8
Bariatric surgeon,8
Stationery wholesaler,8
Smart dealer,8
Dye store,8
Instrumentation engineer,8
Economic consultant,8
Manor house,8
Abundant Life church,8
Children hall,8
Chinese language school,8
Seaport,8
Electronics exporter,8
Wine,8
Traffic officer,8
Tesla showroom,8
Orchid farm,8
Outdoor bath,7
Moving company,7
Blind school,7
Stall installation service,7
Dry fruit store,7
Missing persons organization,7
Ground self defense force,7
Cold cut store,7
Pool academy,7
Pilgrimage place,7
Rice mill,7
Indian sizzler restaurant,7
Tyre manufacturer,7
Foreign exchange students organization,7
City district office,7
Public male bathroom,7
Glassware manufacturer,7
Eritrean restaurant,7
Microbiologist,7
Water skiing club,7
Aboriginal art gallery,7
Conservative club,7
State Department Agricultural Development,7
Teacher college,7
Public sauna,7
Bulgarian restaurant,7
Armed forces association,7
Clothes and fabric wholesaler,7
Scout hall,7
Butane gas supplier,7
Law book store,7
Lighting,7
Kilt shop and hire,7
Emergency call booth,7
Faculty of science,7
Rugby,7
Military barracks,7
Veterans,7
Gold mining company,7
Seafood donburi restaurant,7
Womens protection service,7
Electronics hire shop,7
Shop supermarket furniture store,7
Carnival club,7
TB clinic,7
Calligraphy lesson,7
Pontiac dealer,7
Nudist club,7
Alumni association,7
Georgian restaurant,7
Natural stone exporter,7
Horsestable studfarm,7
Beds,7
State archive,7
Surgical oncologist,6
Sheepskin and wool products supplier,6
Typewriter supplier,6
Cooperative bank,6
Foam rubber producer,6
Shinto shrine,6
Smart Car dealer,6
Dyeworks,6
Psychopedagogy clinic,6
Korean beef restaurant,6
Tea and coffee merchant,6
BahÃ¡'Ã­ house of worship,6
Seafood store,6
Punjabi restaurant,6
Canadian restaurant,6
IMAX theater,6
Garment exporter,6
Rock,6
North Eastern Indian restaurant,6
Environment office,6
Sake brewery,6
Tonkatsu restaurant,6
Deaf church,6
Tibetan restaurant,6
Private sector bank,6
Singaporean restaurant,6
Skin care,6
Waldorf school,6
Welding,6
Tenant ownership,6
Western restaurant,6
Pine furniture shop,6
Tea exporter,6
College of agriculture,6
Hygiene station,6
National library,6
Capoeira school,6
Floating market,6
Threads and yarns wholesaler,6
Textile engineer,6
Public bath,6
Buses,6
School lunch center,6
Archery event,6
Physiotherapy equipment supplier,6
Yakiniku restaurant,6
Rolls Royce dealer,6
English restaurant,6
Handicraft museum,6
Mountain cable car,6
Romanian restaurant,6
Drone shop,6
Cardiovascular and thoracic surgeon,6
Hungarian restaurant,6
Sukiyaki and Shabu Shabu restaurant,6
Rice shop,6
City pillar shrine,5
Home furnishings,5
Ruin,5
Pediatric orthopedic surgeon,5
Stand bar,5
Tofu shop,5
Marine,5
Ship building,5
Homekill service,5
Housing utility company,5
Tuscan restaurant,5
Seasonal lake,5
Cooling plant,5
Basque restaurant,5
Metal services,5
Sicilian restaurant,5
Industrial framework supplier,5
Tortilla shop,5
Japanese sweets restaurant,5
Chilean restaurant,5
Foreign trade consultant,5
Department of housing,5
Ethnographic museum,5
Geriatrician,5
Low emission zone,5
Betting agency,5
Serbian restaurant,5
Building society,5
Fishing and hunting,5
Nursery,5
Mercantile development,5
Museum of space history,5
Hyperbaric medicine physician,5
Memorial,5
Evening dress rental service,5
Military town,5
Bungee jumping center,5
DS Automobiles dealer,5
Farming and cattle raising,5
Comic cafe,5
Regional council,5
Brazilian pastelaria,5
Museum of zoology,5
Puppet theater,5
German language school,5
Wing chun school,5
CNG fittment center,5
Pre gymnasium school,5
Saturn dealer,5
Cat breeder,5
Blues club,5
Escalator,5
Public services,5
Gambling instructor,5
Grammar school,5
Military airport,5
Dan Dan noodle restaurant,5
Cold noodle restaurant,5
Cat trainer,5
Supreme court,5
Cape Verdean restaurant,5
Ferris wheel,5
State Department of Tourism,5
Tofu restaurant,5
Love hotel,5
Music instruction,5
Fish and seafood restaurant,5
Soba noodle shop,5
Thermal baths,5
Mental health,5
Mineral water company,5
Video,5
Sauna club,5
Architecture,5
Plast window store,5
Research engineer,5
Yemenite restaurant,4
Leather exporter,4
Toy library,4
Weaving mill,4
Sports association,4
American grocery store,4
Traditional costume club,4
Pacific Rim restaurant,4
Padel club,4
Ministry of Education,4
Pediatric surgeon,4
Lingerie wholesaler,4
Lingerie manufacturer,4
Conservatory construction contractor,4
Solid fuel company,4
Alternative medicine clinic,4
Drinking water dispenser,4
Relaxation,4
Medical book store,4
Animal watering hole,4
Training provider,4
Land mass,4
Orphanage,4
Legal affairs bureau,4
Sri Lankan restaurant,4
Paper exporter,4
Seminar room,4
Training consultant,4
Host club,4
Fire extinguisher,4
Gas engineer,4
Kyoto style Japanese restaurant,4
Wellness,4
Family court,4
Biotechnology engineer,4
Drinking water,4
Womens college,4
Recreational vehicle,4
National health foundation,4
Juvenile court,4
Gymnasium Cz,4
Dried seafood store,4
Elevator,4
Recycling,4
Mail room,4
Organ donation and tissue bank,4
Coffee,4
Conservatory of music,4
Chinese medicine,4
Office supply,4
Swedish restaurant,4
Public prosecutors office,4
Berry restaurant,4
Hepatologist,4
Fish spa,4
Yucatan restaurant,4
Judicial auction,4
Municipal hall,4
Open university,4
Desert,4
Housing,4
Print services,4
Gazebo,4
Shrimp farm,4
Pediatric clinic,4
Chinese language instructor,4
Emergency management ministry,4
Patent office,4
Laundry room,4
Air traffic control tower,4
Aerated drinks supplier,4
State office of education,4
Government school,4
Palace,4
Pet food and animal feeds,4
Pig farm,4
Media,4
Oriental medical clinic,4
Leather goods wholesaler,4
Bar PMU,4
Appliances,4
Roads ports and canals engineers association,4
Shopfitter,4
Bike wash,4
Electrical,4
Architects association,4
Ceramics,3
Staple food package,3
Rice wholesaler,3
Flamenco school,3
Kimono store,3
BMX club,3
Deaf school,3
Swiss restaurant,3
Public webcam,3
Professional association,3
Adult entertainment,3
Production,3
LPG conversion,3
Livestock,3
Room,3
Youth hostel,3
Austrian restaurant,3
Biochemical supplier,3
Rehabilitation,3
Gondola lift station,3
Conservatory supply & installation,3
Bugatti dealer,3
Folk high school,3
Sea,3
River confluence,3
Pediatric dermatologist,3
Agricultural high school,3
Vastu consultant,3
Japanese language instructor,3
Capsule hotel,3
Indian sweets shop,3
Pension office,3
Information desk,3
Pozole restaurant,3
Model car play area,3
Grassland,3
Office building,3
Weir,3
Soy sauce maker,3
Civil examinations academy,3
Personal repair service,3
Pottery,3
Faculty of pharmacy,3
Acrobatic diving pool,3
Sheepskin coat store,3
Food products,3
Rice cake shop,3
North African restaurant,3
Faculty of psychology,3
Thai massage,3
Costa Rican restaurant,3
Public mailbox,3
Call shop,3
Rowing area,3
Katsudon restaurant,3
Pony club,3
Uruguayan restaurant,3
Geography and history faculty,3
District council,3
Modern izakaya restaurants,3
Eftpos equipment supplier,3
Hygiene articles wholesaler,3
Porridge restaurant,3
Traditional Kostume store,3
Internet,3
Bazar,3
Nuclear power company,3
Smoking room,3
Military,3
Czech restaurant,3
Staffing agency,3
Petrochemical engineer,3
Cane furniture store,3
Insolvency service,3
Geological research company,3
Markmens clubhouse,3
Natural beauty spot,3
Historic city center,3
Rock music club,3
Digital media,3
Piano,3
Gas,3
Japanese regional restaurant,3
Citizen information bureau,3
Pachinko parlor,2
Disability services,2
Judicial scrivener,2
Executor,2
Energy,2
Horse carriage station,2
Bullring,2
Topography company,2
Video equipment and services,2
Baggage claim,2
Studio,2
Prawn fishing,2
Cell tower,2
Champon noodle restaurant,2
Nanotechnology engineer,2
Motocross,2
Archery hall,2
Dept of State Treasure,2
Hammam,2
Levee,2
Korean rib restaurant,2
Aikido club,2
Employment services,2
Fencing salon,2
Coal exporter,2
Public call office booth,2
European institution,2
Japanese inn,2
Workshop,2
Auto part and accessory manufacturer,2
Spices exporter,2
Refugee camp,2
Hospitality high school,2
Seat dealer,2
Obanzai restaurant,2
Medicine exporter,2
Pediatric endocrinologist,2
Salons,2
Japanese cheap sweets shop,2
Lava field,2
Industrial engineers association,2
Cured ham store,2
Public parking lot,2
Criminal court,2
Hot spring hotel,2
Archipelago,2
BPO placement agency,2
Oaxacan restaurant,2
Foreman builders association,2
Quantity surveyor,2
Machinery,2
Creche,2
Nuclear engineer,2
Chartered accountant,2
Knitwear manufacturer,2
Tunisian restaurant,2
Pumps,2
Doner kebab restaurant,2
Conveyancer,2
Military archive,2
General register office,2
Practitioner service location,2
Sambo school,2
Government college,2
Furrier,2
Reef rock submerged,2
Native American restaurant,2
Security systems,2
Room agency,2
Area,2
Printed music publisher,2
Haute French restaurant,2
Biochemistry lab,2
Tempura restaurant,2
Farming,2
Telecommunication school,2
Institute,2
Assembly hall,2
Sweets,2
Ticket gate,2
Cotton exporter,2
Steel industry,2
Border guard,2
Glass,2
Hotel management school,2
Back office,2
Dune,2
Neurophysiologist,2
Used,2
Chamber of agriculture,2
Clock tower,2
Padel court,2
Mid-Atlantic restaurant (US),2
Public transportation system,2
Industrial technical engineers association,2
Metalware dealer,2
Iron ware dealer,2
Chinese food,2
Modern British restaurant,2
Danish restaurant,2
Massage parlor,2
State Department Housing and Urban Development,2
Ford,2
Vocational school one,2
Steamed bun shop,2
Stamp collectors club,2
Beverage supplier,2
Metalware producer,2
Basilica,2
Wholesale drugstore,2
Syokudo and Teishoku restaurant,2
State Department Civil Defense,2
Mobile communications service,2
Doors and windows,2
Building equipment hire service,2
Feng shui shop,2
Luggage wholesaler,2
Kazakhstani restaurant,2
Monorail station,2
Piano maker,2
Toll road rest stop,2
Books,2
Greyhound stadium,2
Budget Japanese inn,2
Labour club,2
City employment department,2
Waldorf kindergarten,2
Airport terminal,2
Car parts wholesaler,2
Municipal Department Communication,2
Greco-Roman wrestling,2
Pagoda,2
Vacuum cleaner,2
Aboriginal and Torres Strait Islander organisation,2
Dutch restaurant,2
Bar tabac,2
Cured ham bar,2
Rugby league club,2
Evening school,2
Coat wholesaler,2
Federal Agency for Technical Relief,2
Television,2
Ski,2
Toys,1
Architectural element,1
Trade centre,1
Shochu brewery,1
Joiner,1
Nail art,1
Military board,1
Delegated driver service,1
Seasonal river,1
Mountaineering club,1
Television tower,1
Chettinad restaurant,1
Arts and crafts,1
Smoking area,1
Customs boundary line,1
New Years tree market,1
Mobile phone,1
Waterbed repair service,1
Fast food pizza,1
Transplant surgeon,1
Security bureau,1
City or town hall,1
Trucks,1
Summer toboggan run,1
Hawker stall,1
Automotive,1
Real estate related services,1
Macrobiotic restaurant,1
Pediatric neurologist,1
Tire,1
Pediatric urologist,1
American football field,1
Sfiha restaurant,1
Marquee hire service,1
Playroom,1
Concierge desk,1
Iron and steel industry,1
State Department for Social Development,1
Gym With Swimming Pool,1
United States Armed Forces Base,1
Bodega,1
Food and beverage distributors,1
Water sport,1
Real estate photographer,1
Town office,1
Aeromodel shop,1
Design services,1
Sukiyaki restaurant,1
Valencian restaurant,1
Faculty of arts,1
Match box manufacturer,1
Service counter,1
Freelance professionals,1
Farmers cooperative,1
Huissier,1
Satay restaurant,1
Filtration plant,1
Welsh restaurant,1
Seitai,1
Trailer,1
Security checkpoint,1
Carvery,1
Ocean rock exposed,1
Jiangsu restaurant,1
South Indian restaurant,1
Floridian restaurant,1
Customs counter,1
Airport security checkpoint,1
First aid kit,1
Mineral water wholesale,1
Yakisoba Restaurant,1
Used store,1
Security-checked area,1
Industry,1
Indian food,1
Motorcycle club,1
Flamenco dance store,1
Course center,1
Chemistry faculty,1
Designer clothing store,1
Project management company,1
Pediatric pulmonologist,1
Municipal Department Finance,1
Icelandic restaurant,1
Municipal Social Development,1
Trolleybus stop,1
Girls hostel,1
Parking Souterrain,1
Paraguayan restaurant,1
Provence restaurant,1
Transportation authority office,1
Scottish restaurant,1
Kushiyaki restaurant,1
Game software,1
Department for Regional Development,1
User-operated machine,1
High court,1
Iron and steel store,1
Bonesetting house,1
Catalonian restaurant,1
Studio apartment,1
Election commission,1
Assistante maternelle,1
Designer,1
Tatami store,1
Non vegetarian restaurant,1
Textile merchant,1
Curling hall,1
Municipal Department Social Defense,1
Town square,1
Town,1
Outdoor activities,1
Pennsylvania Dutch restaurant,1
Decoration,1
Senior citizens welfare institute,1
Japanese food,1
Civil engineering construction company,1
Desalination plant,1
Marine self defense force,1
Labor court,1
FMCG goods wholesaler,1
Water companies,1
Roman restaurant,1
Lyceum,1
Wood industry,1
Child center,1
Tenant's union,1
Fishing and hunting stores,1
Pueblan restaurant,1
Court of Appeal,1
Grow shop,1
Water services,1
Non-public area,1
Kaiseki restaurant,1
Croatian restaurant,1
Kitchens,1
Business card design and printing service,1
Athletics,1
Oil recycling and disposal,1
Electronics device,1
Tempura donburi restaurant,1
Atoll,1
Signwriter and manufacturer,1
Pediatric gastroenterologist,1
Dancing,1
Plateau,1
Medical specialist,1
Dept of City Treasure,1
Furniture piece,1
Lost property office,1
Trading firm,1
Polytechnic,1
Self check-in kiosk,1
Media and information sciences faculty,1
Online share trading center,1
Flower wholesale,1
Anago restaurant,1
Skittle club,1
State Department Science Technology,1
Incineration plant,1
Guardia Di Finanza Police,1
Fashion,1
Takoyaki restaurant,1
Hockey field,1
Indoor arena,1
Flamenco,1
Swordsmanship,1
Worm farm supplier,1
Estuary,1
Energy efficiency company,1
Renovation contractor,1
Water purifier supplier,1
Car care,1
Gate,1
Cured ham warehouse,1
Pediatric rheumatologist,1
Turnery,1
Electronics industry,1
Football association,1
Places of interest,1
Hospitality and tourism school,1
Sanctuary,1
Sports coaching,1
Philharmonic hall,1
Anhui restaurant,1
Western food,1
Mahjong house,1
Social security financial department,1
Taxis,1
Table,1
Parsi temple,1
Central bank,1
Nursing room,1
Tools,1
Historical market square,1
Madrilian restaurant,1
Paper industry,1
Business association local,1
Shandong restaurant,1
Municipal Department Civil Defense,1
Grassy area,1
Parapharmacy,1
Citizens advice bureau,1
Aeronautical engineer,1
Engineers' merchant,1
Army barracks,1
Boiler repair,1
Gambling area,1
Stock exchange building,1
DVD and video services,1
Qing fang market place,1
Girl bar,1
Tennis,1
Fujian restaurant,1
Private mailbox,1
Office administration service,1
Domestic services,1
Paper hanger,1
Watering hole,1
Water polo pool,1
Venereologist,1
Ice cream and drink shop,1
Mineral supplier,1
Badminton complex,1
Felt boots store,1
Research and development,1
Independent school,1
Faculty of law,1
Municipal Department of Sports,1
FMCG manufacturer,1
Turkmen restaurant,1
Walkway,1
Water navigation,1
Wilderness center,1
Paan shop,1
Isthmus,1
Bangle Shop,1
Chamber of handicrafts,1
Asian,1
Lido,1
University lab room,1
Hobbies,1
Norwegian restaurant,1
Canopy,1
Army,1
Velodrome,1
